{
    "time_to_stabilize": 52.43386912345886,
    "time_to_binary": 77.42596888542175,
    "matting + alpha": 2.0714831352233887,
    "time_to_output": 3.7053818702697754
}