{
    "[RIVER, TIME] One Step LK": 1.9864380359649658,
    "[RIVER, MSE] Original video": 46.84747208436725,
    "[RIVER, MSE] One Step LK": 68.27464588502895,
    "[RIVER, TIME] Full LK": 48.25676894187927,
    "[RIVER, MSE] Full LK": 91.16417235318445
}