{
    "[RIVER, TIME] One Step LK": 3.41682767868042,
    "[RIVER, MSE] Original video": 46.84747208436725,
    "[RIVER, MSE] One Step LK": 626.9801291187811,
    "[RIVER, TIME] Full LK": 99.66002941131592,
    "[RIVER, MSE] Full LK": 39.35556831873655
}